<?xml version="1.0" encoding="UTF-8"?>
<l:dependencies xmlns:l='licenses' groupId='org.jvnet.hudson.plugins' artifactId='monitoring' version='1.86.0'><l:dependency name='Monitoring' groupId='org.jvnet.hudson.plugins' artifactId='monitoring' version='1.86.0' url='https://github.com/jenkinsci/monitoring-plugin'><l:description>Monitoring of Jenkins</l:description><l:license name='ASL' url='http://www.apache.org/licenses/LICENSE-2.0.txt'/></l:dependency><l:dependency name='iText, a Free Java-PDF library' groupId='com.lowagie' artifactId='itext' version='2.1.7' url='http://www.lowagie.com/iText/'><l:description>iText, a free Java-PDF library</l:description><l:license name='Mozilla Public License' url='http://www.mozilla.org/MPL/MPL-1.1.html'/></l:dependency><l:dependency name='JRobin' groupId='org.jrobin' artifactId='jrobin' version='1.5.9' url='http://www.jrobin.org/'><l:description>JRobin is a 100% pure Java alternative to RRDTool, with about exactly the same specifications. If you provide the
    same data to RRDTool and JRobin, you will get exactly the same results and graphs. All standard RRDTool operations
    are supported.</l:description><l:license name='LGPL' url=''/></l:dependency><l:dependency name='JavaMelody - Core' groupId='net.bull.javamelody' artifactId='javamelody-core' version='1.86.0' url='https://github.com/javamelody/javamelody/wiki'><l:description>Monitoring of JavaEE applications</l:description><l:license name='ASL' url='http://www.apache.org/licenses/LICENSE-2.0.txt'/></l:dependency></l:dependencies>